,t0,t1,t2,t3,t4,t5,t6,t7,t8,t9,t10,t11,t12
t0,1,1.005,1.012,1.017,1.021,1.019,1.046,1.072,1.068,1.064,1.081,1.084,1.09
t1,0.995,1,1.007,1.013,1.014,1.011,1.044,1.069,1.059,1.057,1.08,1.081,1.083
t2,0.988,0.993,1,1.004,1.011,1.009,1.032,1.061,1.057,1.052,1.069,1.07,1.076
t3,0.983,0.987,0.996,1,1.005,1.001,1.028,1.055,1.051,1.044,1.067,1.066,1.073
t4,0.979,0.986,0.989,0.995,1,0.997,1.022,1.053,1.045,1.045,1.06,1.061,1.07
t5,0.981,0.989,0.991,0.999,1.003,1,1.026,1.052,1.047,1.044,1.063,1.064,1.069
t6,0.956,0.958,0.969,0.973,0.978,0.975,1,1.022,1.022,1.018,1.03,1.032,1.043
t7,0.933,0.935,0.943,0.948,0.95,0.951,0.978,1,0.993,0.991,1.011,1.012,1.019
t8,0.936,0.944,0.946,0.951,0.957,0.955,0.978,1.007,1,0.999,1.013,1.016,1.022
t9,0.94,0.946,0.951,0.958,0.957,0.958,0.982,1.009,1.001,1,1.018,1.02,1.021
t10,0.925,0.926,0.935,0.937,0.943,0.941,0.971,0.989,0.987,0.982,1,1.001,1.007
t11,0.923,0.925,0.935,0.938,0.943,0.94,0.969,0.988,0.984,0.98,0.999,1,1.007
t12,0.917,0.923,0.929,0.932,0.935,0.935,0.959,0.981,0.978,0.979,0.993,0.993,1
